{"cameraMode":{"drawMode":0,"name":"Shaded","section":"Shading Mode"},"sceneLighting":true,"audioPlay":false,"sceneViewState":{"m_AlwaysRefresh":false,"showFog":true,"showSkybox":true,"showFlares":true,"showImageEffects":true,"showParticleSystems":true,"showVisualEffectGraphs":true,"m_FxEnabled":true},"in2DMode":false,"pivot":{"x":76.28675079345703,"y":0.8111333847045898,"z":-11.578224182128907},"rotation":{"x":0.22692224383354188,"y":-0.10929734259843826,"z":0.025638429448008539,"w":0.967425525188446},"size":82.08586120605469,"orthographic":false}